            "id" : "7D643075F3DD43"	1003185
            "id" : "5E85D468438C9A",	1007022
            "id" : "5B0CDC094165B8",	1001581
            "id" : "597433DC4A301C",	1000358
            "id" : "D073603C14347B"	1005870
            "id" : "AB09D5B14D974C"	1008669
            "id" : "93DCB8E1A416F9",	1009640
            "id" : "C92EBB06188723",	1009684
            "id" : "352FB2C7A47A10",	1001489
            "id" : "A5A7B30433D30F"	1009429
            "id" : "75503632BB624C",	1003509
            "id" : "34F5E9C7D2D580",	1001208
            "id" : "97481C47365FFB",	1007576
            "id" : "070CC01860D898"	1006319
            "id" : "689E915C1D18AD"	1009719
            "id" : "9DCE4C0D1F31D4",	1003210
            "id" : "4BE7C7314E5BE1",	1000177
            "id" : "1E085077BCAA3F"	1002234
            "id" : "B3CB58CD1C095A"	1008180
            "id" : "4EDB61BC4B7760",	1000952
            "id" : "7667516C520977",	1008662
            "id" : "C667B1B8591CE3",	1001074
            "id" : "310FA3BABE60A0",	1007012
            "id" : "987CEBA521019F",	1005813
            "id" : "6D6D68E1EBA3ED",	1000495
            "id" : "825E4E5120BD41",	1001196
            "id" : "D3E0AD0C52BF14",	1002827
            "id" : "80D448A03D8A20"	1007052
            "id" : "23AE620EF1FC32"	1005717
            "id" : "513C67837D8AF0"	1007554
            "id" : "60534C42E64336",	1008964
            "id" : "D641E37C0244D4",	1003865
            "id" : "22978F62F7CDD8",	1000686
            "id" : "9F1E7F09AC231C",	1006321
            "id" : "45A6011FB04655"	1005672
            "id" : "65DA88B26406B6",	1006597
            "id" : "07D059E70A562A",	1009542
            "id" : "B06C0AAA403883",	1005239
            "id" : "7EFB944302D20B",	1006917
            "id" : "FFA387CA7C8DEA",	1007474
            "id" : "D9E45D36235DE2"	1005842
            "id" : "7058961C67DFE9",	1008329
            "id" : "5C435379262052",	1000250
            "id" : "8F643750B2BFFD"	1000808
            "id" : "56EBDA7345DB92",	1007371
            "id" : "170DB31C6372F6",	1007653
            "id" : "53FE4B4F2A6F87",	1001995
            "id" : "7BEB429E4A13F3"	1004553
            "id" : "A90D009EE6A29E"	1007985
            "id" : "03324617C4508C"	1003884
            "id" : "2886E13E0845A1",	1001194
            "id" : "EA160C228D3137",	1003653
            "id" : "81D4D14A043FBA"	1006329
            "id" : "276A488EC7DE8C"	1003318
            "id" : "BFC1974854ACE7"	1003548
            "id" : "93495D2FF0C1FB",	1002980
            "id" : "2DBB22D0C39A3E",	1009945
            "id" : "1266BBB2F20098",	1002561
            "id" : "8E5E1C4A4252BF",	1006657
            "id" : "4989F40633AD2A",	1005430
            "id" : "698720700B79C9"	1003215
            "id" : "7A1BBB9DDD5CDA",	1000300
            "id" : "308F4E513B41F0",	1004366
            "id" : "BF709594CE5F43",	1002614
            "id" : "7CD9EE9802A261",	1007139
            "id" : "A8976423E90CE5",	1001690
            "id" : "1B5FFFB0984CDC",	1007290
            "id" : "4868208E9102F5",	1001802
            "id" : "A133D3FA1E5BA0"	1005094
            "id" : "E43762AD168829",	1009756
            "id" : "AEEC467CB4DA78"	1008066
            "id" : "D79E57D55B30AC",	1000377
            "id" : "D475B138BBCC5C"	1000394
            "id" : "4AA391A70FEF63",	1005206
            "id" : "5E30031B42DB01",	1003874
            "id" : "1D2663BD4DFC99",	1008629
            "id" : "01C6312B2D31FD"	1001819
            "id" : "3BC61C935220FE",	1007469
            "id" : "DC3DEAA40B29F0",	1007171
            "id" : "AFD4E91AF91F23",	1000598
            "id" : "698889C51F26FC",	1002453
            "id" : "C5F749FC0893C2",	1009175
            "id" : "233BB70403A7C1",	1009176
            "id" : "B4C3E6BD2794D3",	1003901
            "id" : "ACC63534FF47FF",	1003256
            "id" : "59A6F77A10A44A",	1000067
            "id" : "F037525DFA8F81"	1002487
            "id" : "D8AED60D3669E0",	1005328
            "id" : "7E37BB5F0BCC21"	1003918
            "id" : "39B66E5B7B6DFB",	1004412
            "id" : "2AC9D660C22956",	1002347
            "id" : "8106F59B476A5E"	1000455
            "id" : "70314B9A7B2BDE",	1005648
            "id" : "3005EDAF9ECBC8",	1008544
            "id" : "1B663C7E654672",	1008616
            "id" : "896DCE81B1E3B4",	1002385
            "id" : "8A7C9767EECA6E"	1002744
            "id" : "6BF3A4C3E105C9",	1001195
            "id" : "504D6B7976CC65",	1003597
            "id" : "BE4E6187A2BAC9"	1009003
            "id" : "5EAE2361ED74E4",	1000058
            "id" : "AB22CD1F5A0B1D",	1009918
            "id" : "5BA6D372A95D8E",	1009082
            "id" : "6292E9A24A789A",	1009932
            "id" : "3D2DEE6B328C94",	1003578
            "id" : "770AFDD1FD32FC",	1005881
            "id" : "CA796CEEB0C499",	1005285
            "id" : "1559373A4E5199",	1001686
            "id" : "50D4F997A2A019"	1000927
            "id" : "D052E60879E098"	1006954
            "id" : "510F389E96FD49",	1006489
            "id" : "2DA511C6268A58",	1003628
            "id" : "EBE86A0F14CC9E"	1007700
            "id" : "436FD634543436",	1004860
            "id" : "C152BB87CD9BE3",	1008020
            "id" : "F776F8E140E4E7",	1006510
            "id" : "2C829AA3938D7D"	1001029
            "id" : "07C132164AC69B",	1005117
            "id" : "6D1FD4D2C7C90B"	1008306
            "id" : "2D7356F74DD287",	1005810
            "id" : "50A370C6525D54",	1004537
            "id" : "A496AA726B4621",	1007565
            "id" : "00A70F1723FF5E",	1007797
            "id" : "01F0B4A6C8024E",	1002374
            "id" : "B5AC9DDDB1D9C2",	1001572
            "id" : "B89222304BFF9A",	1007255
            "id" : "418A47C5D2E16D",	1009259
            "id" : "1238CDA91632D5",	1000332
            "id" : "0A52081B360C16"	1001118
            "id" : "0950B23E301F21",	1009070
            "id" : "03BF6828514706",	1006738
            "id" : "C3F4CF525113CD",	1006148
            "id" : "076E378BC15635",	1002668
            "id" : "ABAA24C7D54C31",	1001788
            "id" : "9BC02B433D187D",	1006593
            "id" : "1A9256BA48E7E4"	1005673
            "id" : "7C05D02B3C8716",	1002336
            "id" : "29FDBA81495B1B"	1001895
            "id" : "02AD2E27F3E57F"	1006979
            "id" : "A5D67C31D7F785",	1008444
            "id" : "BD576FC64BB2F2"	1008970
            "id" : "DAF3BEEE4B88EE",	1008867
            "id" : "DC484C2B7F151F",	1003215
            "id" : "29173E2C595AE1",	1005764
            "id" : "ED5DB7AC565B5B",	1007021
            "id" : "006CC18150F05A"	1000407
            "id" : "E0618941221129"	1003682
            "id" : "012E8864246948",	1006298
            "id" : "306A4736B6EA48",	1004672
            "id" : "BB2936D45B1436"	1009361
            "id" : "0169BEDFF172BC",	1006698
            "id" : "A87BD0F5178203",	1008884
            "id" : "0BDB72F7F2402F",	1006460
            "id" : "21A745C14A7367"	1005643
            "id" : "F56E700D8D85F0",	1001867
            "id" : "C29ACB47DCE935",	1000937
            "id" : "777FBB1F0226A6"	1007020
            "id" : "2C0AD0F808DB38",	1007238
            "id" : "99D0C2998AAF0F"	1001083
            "id" : "95B9F84E103F42",	1003836
            "id" : "0DCE9EACFE7F52",	1002720
            "id" : "C22DE37FC877D7",	1007935
            "id" : "E21BE3FF12CD96",	1002792
            "id" : "C03D8BF50C9245"	1008775
            "id" : "97D84BE815B844",	1002926
            "id" : "ABB9B779ECC705",	1007168
            "id" : "C409D2FDE4C1AE"	1003499
            "id" : "080EB57B388CE5",	1009780
            "id" : "5545087F9E6422",	1004784
            "id" : "E0CFB2E570186B",	1005161
            "id" : "33A35E54D1566D"	1002203
            "id" : "170F2C5F0B4920"	1009610
            "id" : "EDE2E733A8DCC4",	1005224
            "id" : "D43AE438370423"	1007372
            "id" : "B7B02AFDFAFDC0",	1007744
            "id" : "3D435E4D84DE88"	1009829
            "id" : "9ED136A775B20D",	1005206
            "id" : "1AE47ED113BCDF"	1009851
            "id" : "6E090B209EF670",	1008630
            "id" : "4978D3F34D6B94",	1000051
            "id" : "4A8843DB2512A1"	1006103
            "id" : "8F08621EC49E46"	1008482
            "id" : "3F5903A5B7F7BC",	1003065
            "id" : "0E0AAED13522DF",	1006519
            "id" : "A3005B60DDC59D"	1009842
            "id" : "C02CCB7B07322B"	1000020
            "id" : "CBF1BA7BA18345",	1006350
            "id" : "42AF0DF9E4C0AA",	1009169
            "id" : "AE6E66C5D40895"	1000114
            "id" : "AB6A66A0AF46FD"	1006348
            "id" : "1455E05205A805",	1005486
            "id" : "8F8C706BC90A8D"	1000360
            "id" : "DEE77DAF32BCF1",	1002254
            "id" : "D94715229AADB8",	1001347
            "id" : "F638ECF707314F",	1001280
            "id" : "2D0FF2F6242CD4",	1000809
            "id" : "7DE7949B6E668B"	1007657
            "id" : "B0C22302D7E3F6",	1007762
            "id" : "4BC32B95A08EEB",	1009405
            "id" : "7A5FE7D86A223F",	1007503
            "id" : "E38FD53EBF758D"	1008170
            "id" : "45398C434AFB76",	1005996
            "id" : "8883007A8A9949",	1003167
            "id" : "16449913840EDF"	1005226
            "id" : "518DEFD3E13626",	1000683
            "id" : "8BACE976623CB0",	1000075
            "id" : "BD68141CEEC626",	1003670
            "id" : "5FE2147986A326",	1001428
            "id" : "C84083DECFE0CE",	1000597
            "id" : "3448D1FDF2E02C"	1005247
            "id" : "7D0A40F4FB7E91"	1007506
            "id" : "6EE94707C29E94",	1004248
            "id" : "7C41B61CA3D679",	1005345
            "id" : "425E59C6E6D296",	1008621
            "id" : "2770F06B67A851"	1002952
            "id" : "E9ECDD1A6B5F2B",	1009297
            "id" : "0AACF37045A67B",	1003613
            "id" : "4ED3C46C2D60B9"	1002986
            "id" : "739BE2A1032581",	1006258
            "id" : "2A873989BA42D4",	1000229
            "id" : "DB131B747CD33E",	1006388
            "id" : "BE7C8CBDF97C90",	1001814
            "id" : "1E672CBFB1E1E8"	1004388
            "id" : "6527E8DC625E00",	1003839
            "id" : "296C0A22B6A41F",	1002386
            "id" : "F25D626134BC5C",	1007359
            "id" : "7B1DFEA09DA098"	1000936
            "id" : "6897BEA2A9C5E0"	1004541
            "id" : "EB14EBAC1A7C5F"	1000378
            "id" : "CA3B921A8D717F"	1009325
            "id" : "BA031D0B43A062",	1005314
            "id" : "6EED2E6CB3640D",	1003820
            "id" : "4AFB818A272D7C"	1003221
            "id" : "78BEE102092804"	1003774
            "id" : "B1B948E96EED41",	1003682
            "id" : "D680FAE4793323",	1006063
            "id" : "B79E1ECD523D02"	1006855
            "id" : "47A1178144647C"	1004691
            "id" : "41B20EC1B44400",	1007167
            "id" : "AC9E9C3CD2AC5B"	1004166
            "id" : "5F321538EA073A"	1006335
            "id" : "717C5542BF8773"	1007514
            "id" : "1C49EFE02D777B"	1007762
            "id" : "479992217F9F99",	1001998
            "id" : "93160D0E0DE746",	1008568
            "id" : "EDF1142EE898C0",	1006412
            "id" : "922602204F0984",	1001797
            "id" : "B09A2DF7F04759"	1003952
            "id" : "E93E07A0D24B10",	1005734
            "id" : "E094EF90AD96FF",	1004217
            "id" : "1DFC9B0A47F560"	1008468
            "id" : "7F32B39A7CE68C",	1001732
            "id" : "1DEBBBB7A2E76B",	1005825
            "id" : "CF050C92179B48",	1000501
            "id" : "42C900AA5F4A59",	1005251
            "id" : "ECA14349082ABD",	1006386
            "id" : "37B12B714096EC"	1006632
            "id" : "2AEFC949CCE21E",	1007038
            "id" : "5AFFEEC5D98D65",	1000078
            "id" : "09086E41225832",	1002973
            "id" : "2CC6BABA68E2BE",	1004258
            "id" : "C824ECCEE67AF1"	1007775
            "id" : "92FE7E77233FA0",	1005523
            "id" : "C8422399B802A6"	1003667
            "id" : "7102BF883683E1",	1002157
            "id" : "D88699FA467C7E",	1006207
            "id" : "ABC672399CB287",	1006947
            "id" : "930AB36880B4A3"	1005868
            "id" : "D81D83285F9DBB",	1000253
            "id" : "2F88FEBC00F6BE",	1001862
            "id" : "23C64E34DDE94F",	1004520
            "id" : "4EECA9A83251D8",	1004988
            "id" : "751BDB8F558C23",	1007081
            "id" : "2090237047F879",	1002119
            "id" : "A0332170B2E226"	1006069
            "id" : "860DA53EEB9876",	1001762
            "id" : "7AF25F9CD6747B",	1007495
            "id" : "3004EB182BA2F2",	1000057
            "id" : "8C8BDFA672A547",	1001606
            "id" : "D7B73E99DBC1B2",	1005578
            "id" : "EBEDBCFC5497B7",	1006484
            "id" : "7B1386FF2A6012",	1007215
            "id" : "86BC2B9381666B"	1006528
            "id" : "C0308ACEB9580A",	1002213
            "id" : "3FFBF60F6BC69B",	1005338
            "id" : "92C2E4C7EE9BC8",	1009921
            "id" : "5C7714E065E858",	1006900
            "id" : "98BF91031EEDFA"	1002138
            "id" : "DF77B1E16CCC5A",	1001321
            "id" : "4DAE61ECC9EC7C",	1007464
            "id" : "5F6D5671620774",	1007713
            "id" : "4ADD15B16BCD2E",	1006353
            "id" : "B502EA96F1EA41",	1003405
            "id" : "3BA02F9ED33E86"	1001924
            "id" : "8B0DA80E94FAB6",	1002182
            "id" : "25FFDC132F16F9",	1002710
            "id" : "2D368C818528A6"	1000773
            "id" : "3DA8B6A57C5A71",	1000565
            "id" : "A3C78F20F2B2FA",	1002345
            "id" : "D5BA5BB26ECFD3"	1006329
            "id" : "14177B57E2B415",	1000049
            "id" : "B1C1EEA9E7FF06"	1004023
            "id" : "C2A71E24C4B50E",	1004604
            "id" : "0CABCB2F57790D",	1003270
            "id" : "95BC8572E7EE74",	1006755
            "id" : "8537FB89757F17",	1000489
            "id" : "1A71017D46519E",	1007823
            "id" : "4025EC8614239B",	1009199
            "id" : "9A01970149EB7E",	1004563
            "id" : "503CFDBBF569D2",	1009421
            "id" : "4CBBE3A5F9188F",	1001524
            "id" : "0CF586F5246492",	1008260
            "id" : "FD051789F9676C",	1001473
            "id" : "620CDB4D4B1986",	1009849
            "id" : "CDBE3C71E8549B"	1004553
            "id" : "55A08157E2165D",	1007014
            "id" : "85EF75A538250E",	1004862
            "id" : "8DC203196EB016",	1004673
            "id" : "6DF6E9658DD84C",	1004722
            "id" : "57C4582FD5DB7B",	1001882
            "id" : "2F199D258A4E58",	1009867
            "id" : "C5F61A6EA63CA4"	1000946
            "id" : "091DFA35D25DF1",	1000821
            "id" : "783FD6A2759843",	1004709
            "id" : "EFD431DCB7F05E"	1004545
            "id" : "B15FFFF21DB9C7",	1004208
            "id" : "667AE2873605D7"	1003412
            "id" : "1C1048D2B02D96",	1003528
            "id" : "A118592C81D29C"	1002537
            "id" : "70442641098AE9"	1001850
            "id" : "027797F1FDBCBA",	1009635
            "id" : "6EAF94575A7A3C",	1001875
            "id" : "BF9413CC9D2D1C",	1003638
            "id" : "168C48DC6E07F3",	1003702
            "id" : "E4C0633DC53A3A"	1008391
            "id" : "32821E1CD947AE"	1007323
            "id" : "409C66158B519E"	1000689
            "id" : "1E02C4B18B0B60",	1005211
            "id" : "C37D995616D4FF",	1008230
            "id" : "3CF77949E0AB98",	1002331
            "id" : "64C41CAA9D2F26",	1007325
            "id" : "3F69E725A8E04A",	1001504
            "id" : "71EEDC01E771E0",	1003237
            "id" : "DC7240810B2643",	1002689
            "id" : "21B4B47C393798",	1005628
            "id" : "F9C1EAAF7F66AA"	1007948
            "id" : "B6517F4B3D30A8",	1009032
            "id" : "1C5FB23AD28B8F",	1002817
            "id" : "69715773A4C5CF",	1002487
            "id" : "17137EB20F2943"	1007100
            "id" : "F4C7E253D3ADA3",	1002434
            "id" : "715E029589CD5A"	1004502
            "id" : "BAA84878BEFE37"	1001414
            "id" : "8C2DE71425243E"	1009231
            "id" : "8E3AECA7319234",	1003030
            "id" : "407C84AC556230",	1001498
            "id" : "99B977671CCFB0",	1000380
            "id" : "6C25F518EAC740",	1007208
            "id" : "3137732449F844",	1007261
            "id" : "424FA4444159DE",	1006368
            "id" : "176C4B888B2FC9",	1001049
            "id" : "3CC4349860BE24"	1005450
            "id" : "FD7067B89FE2D3",	1004405
            "id" : "28B4197671F65F",	1002193
            "id" : "C0622D3E41CCD4",	1003305
            "id" : "FE34BDF00AE606",	1008329
            "id" : "25712952B1F299",	1006884
            "id" : "03A61ABF4929BC",	1007944
            "id" : "BE3E93E54515A8",	1001175
            "id" : "032E0FA04FA060",	1006040
            "id" : "FE54766DA35D81",	1006274
            "id" : "58991B56D5D9EC"	1004728
            "id" : "B67F6AD1F9E265",	1005999
            "id" : "8D71EAF9DEBBDE",	1000531
            "id" : "C4D95BA8A18C3D",	1000725
            "id" : "1061E22A85D87D",	1009188
            "id" : "0F8570702F6B48",	1007557
            "id" : "0FBA6021AB39E0",	1000658
            "id" : "C0AC811FD454FC"	1000242
            "id" : "48CF2229E2A3B7",	1005665
            "id" : "EB37D17B522063",	1006322
            "id" : "6E3FB1FDA08811",	1007854
            "id" : "1DE5A03410FB37",	1002088
            "id" : "48E0A8240CC076",	1003041
            "id" : "98EC93B50D7379",	1000634
            "id" : "815412443B2D35",	1004118
            "id" : "1CACFA2BFE595D",	1008571
            "id" : "BD671E73FC6F78",	1000816
            "id" : "066D3C97D68274",	1005555
            "id" : "74F49A42AEC6AE"	1009826
            "id" : "C4D22E99B8231B"	1003903
            "id" : "064EC7B8124080",	1005511
            "id" : "2AD650C5D4E93D",	1003493
            "id" : "1022B12D3A2617"	1001428
            "id" : "8FB1BB71441FFB",	1001559
            "id" : "1C0F10A780E4AA",	1006023
            "id" : "20DB3B14B09036",	1002703
            "id" : "E2AB93DA4366F1"	1003271
            "id" : "B87C60D36249A9",	1002824
            "id" : "203944F8737343",	1004789
            "id" : "4FB26D99A97A49",	1006594
            "id" : "124C477096011C",	1002518
            "id" : "C737612E09336A",	1009128
            "id" : "845632D0969656",	1002105
            "id" : "B36ADE48A65957",	1008410
            "id" : "E709A25F894A52",	1001772
            "id" : "3715246BA90575",	1005374
            "id" : "41A33197F43E12"	1007160
            "id" : "BD29CCB767A307",	1002480
            "id" : "B1E57CEA7E1830",	1007117
            "id" : "012502D6312AF6",	1009832
            "id" : "E793F958B01E3D"	1006114
            "id" : "BFE178CD729287",	1004381
            "id" : "4A7B1283A512C7",	1002336
            "id" : "69162C452FB4DC",	1002265
            "id" : "4FFB08E92C2D68",	1004523
            "id" : "76F46A1A815DEA",	1008241
            "id" : "0B157A235300B1",	1002277
            "id" : "0AA61E3661CED4"	1009396
            "id" : "FA8BADA619C03D"	1007570
            "id" : "872959008CCA74"	1001440
            "id" : "86FB620D2A640F",	1001477
            "id" : "B3F265252FBDA9",	1009780
            "id" : "47502A624911B7",	1002649
            "id" : "4E1EA9AA8385AB",	1004326
            "id" : "2FDCB83B97DD7C",	1002072
            "id" : "A038F239020AFE"	1005781
            "id" : "AEC5BFBAB7BD24",	1003419
            "id" : "6E46CAD4F07607",	1005970
            "id" : "E647EE169DE1F7",	1000631
            "id" : "B84048F66043EA",	1001348
            "id" : "BD05BA722E9109",	1008386
            "id" : "49EB4BF8BDC0CF",	1005550
            "id" : "0616FE257FB66C",	1005855
            "id" : "25DA528C6A628F",	1007900
            "id" : "F5CAE62B892DD4",	1007255
            "id" : "28B762C2CEAE65",	1003416
            "id" : "1FA39DB1A9278E"	1004596
            "id" : "4E5A02D61FFC59",	1000049
            "id" : "AADB2679A87720",	1003807
            "id" : "E8BA7345BF5FC5",	1009806
            "id" : "CD38B3EC708306",	1003783
            "id" : "D87ED38AC374EE",	1000556
            "id" : "040FFD0771CECA",	1000980
            "id" : "C9E9F92A6F4CFA",	1002408
            "id" : "CF29A82061B728",	1001201
            "id" : "338156E8450878",	1004177
            "id" : "BBC2C67DC7B846",	1001140
            "id" : "B21C26A4119806"	1001142
            "id" : "CFF4EBB86E293E",	1002398
            "id" : "761131AE0685D8",	1003962
            "id" : "18020CEBEA0ACE",	1006161
            "id" : "5CA5B847B2551F",	1007431
            "id" : "F8F04318D47A7D"	1008958
            "id" : "90DBD9E043FE67",	1000284
            "id" : "1C3F7F1A8DD53C",	1003380
            "id" : "CBFE7AEAED9D32",	1006503
            "id" : "5D750F40D7E757"	1007807
            "id" : "A33D7E47567184",	1000350
            "id" : "DCA05453222E03"	1005963
            "id" : "8AADB88408979B",	1002397
            "id" : "EDD2B31814F745",	1002664
            "id" : "DB8CA9955A10CE"	1007938
            "id" : "C7CC67CE1E7F87",	1002648
            "id" : "CB80DE111B4194"	1002770
            "id" : "36D7D9C99A5A1A",	1000095
            "id" : "B34CE944484771",	1008985
            "id" : "810A0882AE58DE",	1000949
            "id" : "59FAC20766B849"	1000935
            "id" : "B196A3BE8DF787",	1007367
            "id" : "8559D94CDDCE46",	1004607
            "id" : "0323F565720BFF"	1002337
            "id" : "84F396D0B427F2",	1008407
            "id" : "C6C9F74FBC6E48",	1006002
            "id" : "0C892BA1BF933B"	1009583
            "id" : "91A5526802D0AE",	1000500
            "id" : "0E079D504948C9",	1003342
            "id" : "954A3322557F2F",	1008083
            "id" : "CB71748B25409E"	1009341
            "id" : "D842E0C217FD10",	1003827
            "id" : "2A8636DAC629BF",	1002618
            "id" : "6F82053B8C6CF8",	1008577
            "id" : "0802F3DA8F3AD0"	1006825
            "id" : "3824B73FE256CD",	1007130
            "id" : "08FE8ADD3C2070",	1007138
            "id" : "803EF2EE0B9391",	1005582
            "id" : "8DC615AEC33994"	1001476
            "id" : "6535CD20BFEB73"	1008956
            "id" : "56282AB8C677CA",	1004433
            "id" : "94764F077AA00B",	1005748
            "id" : "DEC139547F50EF",	1003002
            "id" : "A3E4D281D04DD3"	1001287
            "id" : "1BDE46BCCC8EDF",	1001577
            "id" : "DF86BBBD6AE5F1",	1005477
            "id" : "28379262624C25",	1003214
            "id" : "CCA8EF0639F7A4",	1005370
            "id" : "530F595DB92B84"	1004568
            "id" : "62F5D727AF1753",	1008031
            "id" : "FFC8316E0CC049"	1002964
            "id" : "7D9D696FACDEC6",	1000605
            "id" : "E48481ED8C4773",	1000401
            "id" : "9849C8AECF507B",	1006703
            "id" : "A60D24B82F58ED"	1001930
            "id" : "58E8372762EAD9"	1004708
            "id" : "9942FF8E325DDE",	1007851
            "id" : "CE6A1A6C613BBA",	1007377
            "id" : "E628AC44A18C84",	1004542
            "id" : "A3AB4AA9053A23"	1004938
            "id" : "F5E5ED7D15B2C4",	1004373
            "id" : "85A13DF1CC0752",	1003238
            "id" : "A1FC6E44BECAFD",	1003494
            "id" : "5C6B18A26610D7",	1000900
            "id" : "772102E83FF94E",	1005801
            "id" : "305B618947FE5D",	1008043
            "id" : "D00CFE05D5D914"	1008748
            "id" : "AF3BE45DBB3224"	1009866
            "id" : "4D4B1E54A00F60",	1007574
            "id" : "388147CBC7E535",	1002435
            "id" : "42937CB476DFBA",	1002148
            "id" : "1234D7E83D1E64"	1005343
            "id" : "60E6A9E18795C6"	1009802
            "id" : "98F1786BEE0D8F",	1008034
            "id" : "84FC80CFF4614C",	1009508
            "id" : "6992EBD7E0D5AD",	1006493
            "id" : "465515C9DF3628",	1007790
            "id" : "0C224EB77AC531"	1009771
            "id" : "0F2DDB8CCB82AC",	1000751
            "id" : "198D0CD1A49FCB",	1005744
            "id" : "DD820674878C48",	1000391
            "id" : "258F8A28D3DF30",	1009930
            "id" : "3C030D4C45704D",	1007376
            "id" : "035F679FD0CC1C",	1001332
            "id" : "908653C4672E08"	1002399
            "id" : "9A9DED564923B3",	1008483
            "id" : "C6644733344930",	1003975
            "id" : "BAAC8F0691ACFD",	1009379
            "id" : "98B9739D354383",	1008174
            "id" : "D4525DB5CD5789",	1001722
            "id" : "74EDF339551EF3"	1001350
            "id" : "B2F7E50EA16AF1"	1004166
            "id" : "650899BDFD0EA3",	1003146
            "id" : "F44B7484FCDEED"	1009695
            "id" : "A346B92CB04CC7"	1007612
            "id" : "943AD926D4701E",	1001780
            "id" : "34B064B93CE791",	1006039
            "id" : "6A5E0126121A53",	1002368
            "id" : "DB9CF0D1263F18",	1004351
            "id" : "FFAC95763DF6F1"	1006632
            "id" : "58BE923DDE33BC",	1001477
            "id" : "8F7534309052B3",	1000508
            "id" : "BF8D6085ABF1F5"	1004879
            "id" : "D4161B19174D7B"	1000503
            "id" : "82C18675A366AC"	1006850
            "id" : "8F8C8B24F1C1FA",	1003622
            "id" : "3DE74AC90CF447",	1006181
            "id" : "AF5A70C62E2F8B",	1001419
            "id" : "354AA1102E9CD0",	1005581
            "id" : "A9349746D20EDB",	1005827
            "id" : "AEE78811B47807",	1006234
            "id" : "5E3F1E625F5FDD",	1008516
            "id" : "9B9254136A50D8",	1005928
            "id" : "69F309725ECD8A",	1003403
            "id" : "C2E4E8D70319C0",	1003024
            "id" : "69F5B7A4B94097",	1002015
            "id" : "DD53552C3C50F9",	1000850
            "id" : "F8A7843C2A51E9"	1009660
            "id" : "3E533F55DA64A2",	1005887
            "id" : "5BB1748D397764",	1003928
            "id" : "396EC6CED30DA7",	1008075
            "id" : "62464149C00272"	1001655
            "id" : "33A784D25B55C9",	1001312
            "id" : "FFBF4924AE9224",	1006410
            "id" : "AB44D3C4E7B2D9",	1009150
            "id" : "EC4CA7C6A2FBA5",	1007560
            "id" : "23B6AB6C91255A",	1005024
            "id" : "363F1AAD72FA4B",	1000141
            "id" : "A7F0965E141361",	1007559
            "id" : "24BAAD7B1D46B6",	1006932
            "id" : "10D96E7CA5617A",	1009606
            "id" : "CBC39180BF1DFB"	1004242
            "id" : "1C816F503C652F",	1007348
            "id" : "4B554E47524144"	1249458
            "id" : "C173F72F0C9C8D",	1002386
            "id" : "D3F2C778DFCB46",	1003992
            "id" : "76A3249F7D694D",	1008711
            "id" : "B7DAE33261D474",	1006160
            "id" : "14911DF68185C5",	1009912
            "id" : "81C1ACF887AE98",	1009111
            "id" : "DC96A79678EF73"	1003737
            "id" : "F84A3CD49DF858",	1001477
            "id" : "B3AAD666693A0F",	1008249
            "id" : "6ACD24DAF99D50",	1005941
            "id" : "417F79A7497491",	1009446
            "id" : "686FA6039A2CEC",	1004967
            "id" : "938AB8C6DD8C78",	1000267
            "id" : "BE02BCC0537A1F",	1005328
            "id" : "F02DE5256A341D",	1003955
            "id" : "945719A2A87F7D",	1009162
            "id" : "52BFDB65465763",	1006329
            "id" : "6204B98B12605A"	1003121
            "id" : "7AC8863605E264",	1007318
            "id" : "7A8FF6F785C882"	1008541
            "id" : "8DDF1D1095CCB6"	1004883
            "id" : "468C5F0DAFD266",	1008847
            "id" : "0ECAE7CDFBC345",	1008845
            "id" : "642D64542E0579",	1005112
            "id" : "067048E21F8CE1",	1009928
            "id" : "8BBF260091DD13",	1008765
            "id" : "CB5D5E7C6CED11",	1006542
            "id" : "27AC1BA706ED15",	1002658
            "id" : "6BE1711557EAFD"	1001272
            "id" : "839E42DAD53816"	1001745
            "id" : "1ED469D6A34270",	1006912
            "id" : "537C2F11F14E78",	1005022
            "id" : "05DB710F54B0D0",	1006374
            "id" : "7655443AB96EE2",	1000428
            "id" : "106C88C1322386",	1003569
            "id" : "FD3DD1E0081476",	1004522
            "id" : "6B3B092B0B7A85",	1003408
            "id" : "C00AB40A911535",	1008055
            "id" : "3258AEC144EC48",	1002221
            "id" : "514F2AE5C75869",	1008100
            "id" : "3A14BDDEDC05D7",	1000286
            "id" : "74939A82A22D9B"	1005923
            "id" : "0C6E106BEAE13F",	1001570
            "id" : "714616D2CBF4E2"	1007610
            "id" : "A5A4677D6C7313",	1007526
            "id" : "AA78C57973A9CB",	1009494
            "id" : "0E09693F1602FC",	1008813
            "id" : "98EF6A0BE12818"	1004078
            "id" : "1F71586B4C552C",	1008708
            "id" : "62166112143DBE",	1003265
            "id" : "9CE3FD128BD9F7",	1000712
            "id" : "4DFDB7C90253CC",	1005370
            "id" : "57FAD0E663E1BF",	1005604
            "id" : "24331C9FAA1347",	1003286
            "id" : "D9C49394B0295F",	1001691
            "id" : "061685DD15A9CD"	1007722
            "id" : "CC8B4D9CCEF383",	1006001
            "id" : "BD61CB6C0EC10C",	1004602
            "id" : "ABD2B93D241823"	1002715
            "id" : "40FDFCE4D14707",	1003589
            "id" : "70701A632B42AE",	1003166
            "id" : "467A13C7BAEFB1",	1001974
            "id" : "F306FA59DDAB9F",	1000890
            "id" : "C8A7CCB1418571",	1001501
            "id" : "388C99820E693A",	1006789
            "id" : "FF1207534009E7"	1005192
            "id" : "BC9E46669FB6B1",	1005656
            "id" : "D5135F93A48900",	1002793
            "id" : "A3C940203EFF86",	1007982
            "id" : "31ED740F606432",	1009928
            "id" : "6D717C63DBE68C"	1003665
            "id" : "59C61E6BF5CDAE",	1004550
            "id" : "B24802925A19E0",	1004642
            "id" : "8034963F5F5770",	1000184
            "id" : "97389ACFA04BD7",	1004000
            "id" : "DB5C0E4A140550"	1000856
            "id" : "20AE14A881556F",	1008922
            "id" : "DF0C1EFE137BFF",	1003544
            "id" : "0E7FBEBB62F1F8",	1004014
            "id" : "478D309D3B4D22",	1002119
            "id" : "7F5E68B760C05B"	1008122
            "id" : "9F76B786F6010D",	1003491
            "id" : "1D1CFD0EDEC8D6",	1006266
            "id" : "F582C387B41861"	1005779
            "id" : "22FF3DCE785AC3",	1006783
            "id" : "957D4258E5B98D",	1005072
            "id" : "32B123BDB5CC19",	1006273
            "id" : "AE2EE52A5D55E3",	1008818
            "id" : "501FD2DDA9B9C4",	1004169
            "id" : "2B908A19DDAE24",	1005726
            "id" : "A892917235A02D",	1002901
            "id" : "E70DE1469B6808",	1003164
            "id" : "46640E7EAA0AC5",	1003000
            "id" : "6298FB23A5CA82",	1005070
            "id" : "155B26D8B2C85F"	1002353
            "id" : "B50B0472440D21",	1001631
            "id" : "67A1F19663FC04",	1009070
            "id" : "4F2C2A2B6AB661"	1002916
            "id" : "3377A38740CEB1",	1007976
            "id" : "38C9BFFD0FCA32"	1009625
            "id" : "E6F017792BF04A"	1000344
            "id" : "53455901735E21",	1005152
            "id" : "408859B5C5A78C",	1002782
            "id" : "29BBDD3B70EA85"	1008265
            "id" : "50BB14408E14E2",	1005342
            "id" : "AA1F064584588B",	1001281
            "id" : "54D91E4F653683",	1005971
            "id" : "9A3A5D22A258FB"	1008834
            "id" : "77A191B5F0B416"	1004337
            "id" : "92CC84545F2F70"	1004015
            "id" : "8601D7D7F2E495",	1009178
            "id" : "3C016387DCCAF8"	1000145
            "id" : "3E61C2310DA4E0",	1005430
            "id" : "9DF4C1C580DD61",	1002533
            "id" : "CD916FB2A88CDA",	1001291
            "id" : "46CD28DE56FA9E",	1004545
            "id" : "70A9CD7DEE5AD8",	1003019
            "id" : "C2A616F6149F8A",	1003535
            "id" : "19E020A642E6F6"	1009965
            "id" : "A2DA9F99125DBA"	1008003
            "id" : "8A7EEC81E66512",	1004139
            "id" : "28795BB6BE8345",	1009529
            "id" : "2AF8326E455916",	1004595
            "id" : "3B8AC2C2D78BC9",	1005642
            "id" : "465C25E5D7C0D2",	1002016
            "id" : "664E05784DBED1",	1001258
            "id" : "26091FCD004514"	1007775
            "id" : "3240898F2D287B"	1008406
            "id" : "7FFF032C604A39",	1006532
            "id" : "3D596E0CDEA39D",	1008125
            "id" : "8AEA0683CEAD19",	1004133
            "id" : "85B8CCF3972513",	1003147
            "id" : "50D49DF9D7CE1E",	1006545
            "id" : "471D3FB4E64943",	1004106
            "id" : "6B68566E207BB5"	1003359
            "id" : "BD0FB30C720639"	1007931
            "id" : "6F7CFEEC6B3A2B"	1009184
            "id" : "017A6CDB1A63A6"	1003217
            "id" : "04A6761E3D4319",	1001431
            "id" : "B9EBA855B350E3",	1001976
            "id" : "BD13E72543F117"	1000414
            "id" : "80CFA7910786CA",	1006898
            "id" : "A11F75583A708B",	1000339
            "id" : "1D95C9C46F9E29",	1003160
            "id" : "DB6310B27B23C2",	1003538
            "id" : "E1C6CDA529A45F",	1004047
            "id" : "EFD06689B5E85D",	1003463
            "id" : "7A6A288CAFD89E",	1007641
            "id" : "BD3453FEEDBFB6",	1005388
            "id" : "2D351BFF444BC7",	1003278
            "id" : "942F27499BAC91",	1000807
            "id" : "FECDFFD4CE61EE"	1000347
            "id" : "645112CFFBBE3C",	1000273
            "id" : "4686A822C3BECD",	1007663
            "id" : "5C63E8985E13FC"	1005967
            "id" : "D87E5645F3C192",	1007342
            "id" : "C522188B90B15B",	1007706
            "id" : "B38587A8372B63"	1007424
            "id" : "42A318979448E5",	1003367
            "id" : "6D719E24FBE6AB",	1003851
            "id" : "67E7271036618A",	1004110
            "id" : "D6627D80457DCF",	1003734
